,danceability,energy,key,loudness,mode,speechiness,acousticness,instrumentalness,liveness,valence,tempo,type,id,uri,track_href,analysis_url,duration_ms,time_signature,popularity,genres
God's Plan,0.754,0.449,7,-9.211,1,0.109,0.0332,8.29e-05,0.552,0.357,77.169,audio_features,6DCZcSspjsKoFjzjrWoCdn,spotify:track:6DCZcSspjsKoFjzjrWoCdn,https://api.spotify.com/v1/tracks/6DCZcSspjsKoFjzjrWoCdn,https://api.spotify.com/v1/audio-analysis/6DCZcSspjsKoFjzjrWoCdn,198973,4,84,"['canadian hip hop', 'canadian pop', 'hip hop', 'pop rap', 'rap', 'toronto rap']"
SAD!,0.74,0.613,8,-4.88,1,0.145,0.258,0.00372,0.123,0.473,75.023,audio_features,3ee8Jmje8o58CHK66QrVC2,spotify:track:3ee8Jmje8o58CHK66QrVC2,https://api.spotify.com/v1/tracks/3ee8Jmje8o58CHK66QrVC2,https://api.spotify.com/v1/audio-analysis/3ee8Jmje8o58CHK66QrVC2,166606,4,85,"['emo rap', 'miami hip hop']"
rockstar (feat. 21 Savage),0.585,0.52,5,-6.136,0,0.0712,0.124,7.01e-05,0.131,0.129,159.801,audio_features,0e7ipj03S05BNilyu5bRzt,spotify:track:0e7ipj03S05BNilyu5bRzt,https://api.spotify.com/v1/tracks/0e7ipj03S05BNilyu5bRzt,https://api.spotify.com/v1/audio-analysis/0e7ipj03S05BNilyu5bRzt,218147,4,87,"['dfw rap', 'melodic rap', 'rap']"
Psycho (feat. Ty Dolla $ign),0.75,0.56,8,-8.094,1,0.105,0.546,0.0,0.111,0.459,140.06,audio_features,3swc6WTsr7rl9DqQKQA55C,spotify:track:3swc6WTsr7rl9DqQKQA55C,https://api.spotify.com/v1/tracks/3swc6WTsr7rl9DqQKQA55C,https://api.spotify.com/v1/audio-analysis/3swc6WTsr7rl9DqQKQA55C,221440,4,81,"['dfw rap', 'melodic rap', 'rap']"
In My Feelings,0.835,0.626,1,-5.833,1,0.125,0.0589,6e-05,0.396,0.35,91.03,audio_features,2G7V7zsVDxg1yRsu7Ew9RJ,spotify:track:2G7V7zsVDxg1yRsu7Ew9RJ,https://api.spotify.com/v1/tracks/2G7V7zsVDxg1yRsu7Ew9RJ,https://api.spotify.com/v1/audio-analysis/2G7V7zsVDxg1yRsu7Ew9RJ,217925,4,81,"['canadian hip hop', 'canadian pop', 'hip hop', 'pop rap', 'rap', 'toronto rap']"
Better Now,0.68,0.578,10,-5.804,1,0.04,0.331,0.0,0.135,0.341,145.038,audio_features,7dt6x5M1jzdTEt8oCbisTK,spotify:track:7dt6x5M1jzdTEt8oCbisTK,https://api.spotify.com/v1/tracks/7dt6x5M1jzdTEt8oCbisTK,https://api.spotify.com/v1/audio-analysis/7dt6x5M1jzdTEt8oCbisTK,231267,4,85,"['dfw rap', 'melodic rap', 'rap']"
I Like It,0.816,0.726,5,-3.998,0,0.129,0.099,0.0,0.372,0.65,136.048,audio_features,58q2HKrzhC3ozto2nDdN4z,spotify:track:58q2HKrzhC3ozto2nDdN4z,https://api.spotify.com/v1/tracks/58q2HKrzhC3ozto2nDdN4z,https://api.spotify.com/v1/audio-analysis/58q2HKrzhC3ozto2nDdN4z,253390,4,82,"['pop', 'pop rap', 'rap']"
One Kiss (with Dua Lipa),0.791,0.862,9,-3.24,0,0.11,0.037,2.19e-05,0.0814,0.592,123.994,audio_features,7ef4DlsgrMEH11cDZd32M6,spotify:track:7ef4DlsgrMEH11cDZd32M6,https://api.spotify.com/v1/tracks/7ef4DlsgrMEH11cDZd32M6,https://api.spotify.com/v1/audio-analysis/7ef4DlsgrMEH11cDZd32M6,214847,4,83,"['dance pop', 'edm', 'electro house', 'house', 'pop', 'progressive house', 'tropical house', 'uk dance']"
IDGAF,0.836,0.544,7,-5.975,1,0.0943,0.0403,0.0,0.0824,0.51,97.028,audio_features,76cy1WJvNGJTj78UqeA5zr,spotify:track:76cy1WJvNGJTj78UqeA5zr,https://api.spotify.com/v1/tracks/76cy1WJvNGJTj78UqeA5zr,https://api.spotify.com/v1/audio-analysis/76cy1WJvNGJTj78UqeA5zr,217947,4,81,"['dance pop', 'pop', 'post-teen pop', 'uk pop']"
FRIENDS,0.626,0.88,9,-2.384,0,0.0504,0.205,0.0,0.128,0.534,95.079,audio_features,08bNPGLD8AhKpnnERrAc6G,spotify:track:08bNPGLD8AhKpnnERrAc6G,https://api.spotify.com/v1/tracks/08bNPGLD8AhKpnnERrAc6G,https://api.spotify.com/v1/audio-analysis/08bNPGLD8AhKpnnERrAc6G,202621,4,81,"['brostep', 'pop', 'progressive electro house']"
Havana (feat. Young Thug),0.765,0.523,2,-4.333,1,0.03,0.184,3.56e-05,0.132,0.394,104.988,audio_features,1rfofaqEpACxVEHIZBJe6W,spotify:track:1rfofaqEpACxVEHIZBJe6W,https://api.spotify.com/v1/tracks/1rfofaqEpACxVEHIZBJe6W,https://api.spotify.com/v1/audio-analysis/1rfofaqEpACxVEHIZBJe6W,217307,4,82,"['dance pop', 'pop', 'post-teen pop']"
Lucid Dreams,0.511,0.566,6,-7.23,0,0.2,0.349,0.0,0.34,0.218,83.903,audio_features,0s3nnoMeVWz3989MkNQiRf,spotify:track:0s3nnoMeVWz3989MkNQiRf,https://api.spotify.com/v1/tracks/0s3nnoMeVWz3989MkNQiRf,https://api.spotify.com/v1/audio-analysis/0s3nnoMeVWz3989MkNQiRf,239836,4,15,"['chicago rap', 'melodic rap']"
Nice For What,0.586,0.909,8,-6.474,1,0.0705,0.0891,0.000109,0.119,0.757,93.394,audio_features,3CA9pLiwRIGtUBiMjbZmRw,spotify:track:3CA9pLiwRIGtUBiMjbZmRw,https://api.spotify.com/v1/tracks/3CA9pLiwRIGtUBiMjbZmRw,https://api.spotify.com/v1/audio-analysis/3CA9pLiwRIGtUBiMjbZmRw,210747,4,79,"['canadian hip hop', 'canadian pop', 'hip hop', 'pop rap', 'rap', 'toronto rap']"
Girls Like You (feat. Cardi B),0.851,0.541,0,-6.825,1,0.0505,0.568,0.0,0.13,0.448,124.959,audio_features,7fa9MBXhVfQ8P8Df9OEbD8,spotify:track:7fa9MBXhVfQ8P8Df9OEbD8,https://api.spotify.com/v1/tracks/7fa9MBXhVfQ8P8Df9OEbD8,https://api.spotify.com/v1/audio-analysis/7fa9MBXhVfQ8P8Df9OEbD8,235545,4,78,"['pop', 'pop rock']"
The Middle,0.753,0.657,7,-3.061,1,0.0449,0.171,0.0,0.112,0.437,107.01,audio_features,09IStsImFySgyp0pIQdqAc,spotify:track:09IStsImFySgyp0pIQdqAc,https://api.spotify.com/v1/tracks/09IStsImFySgyp0pIQdqAc,https://api.spotify.com/v1/audio-analysis/09IStsImFySgyp0pIQdqAc,184732,4,82,"['complextro', 'dance pop', 'edm', 'electro house', 'german techno', 'pop', 'post-teen pop', 'tropical house']"
All The Stars (with SZA),0.698,0.633,8,-4.946,1,0.0597,0.0605,0.000194,0.0926,0.552,96.924,audio_features,3GCdLUSnKSMJhs4Tj6CV3s,spotify:track:3GCdLUSnKSMJhs4Tj6CV3s,https://api.spotify.com/v1/tracks/3GCdLUSnKSMJhs4Tj6CV3s,https://api.spotify.com/v1/audio-analysis/3GCdLUSnKSMJhs4Tj6CV3s,232187,4,78,"['conscious hip hop', 'hip hop', 'rap', 'west coast rap']"
no tears left to cry,0.699,0.713,9,-5.507,0,0.0594,0.04,3.11e-06,0.294,0.354,121.993,audio_features,2qT1uLXPVPzGgFOx4jtEuo,spotify:track:2qT1uLXPVPzGgFOx4jtEuo,https://api.spotify.com/v1/tracks/2qT1uLXPVPzGgFOx4jtEuo,https://api.spotify.com/v1/audio-analysis/2qT1uLXPVPzGgFOx4jtEuo,205920,4,81,"['dance pop', 'pop', 'post-teen pop']"
X,0.595,0.773,9,-4.736,0,0.0549,0.0364,0.00108,0.334,0.711,180.073,audio_features,39N9RPD9MRb5WmoLzNzPeA,spotify:track:39N9RPD9MRb5WmoLzNzPeA,https://api.spotify.com/v1/tracks/39N9RPD9MRb5WmoLzNzPeA,https://api.spotify.com/v1/audio-analysis/39N9RPD9MRb5WmoLzNzPeA,173628,4,31,"['latin', 'latin hip hop', 'reggaeton', 'tropical']"
Moonlight,0.921,0.537,9,-5.723,0,0.0804,0.556,0.00404,0.102,0.711,128.009,audio_features,0JP9xo3adEtGSdUEISiszL,spotify:track:0JP9xo3adEtGSdUEISiszL,https://api.spotify.com/v1/tracks/0JP9xo3adEtGSdUEISiszL,https://api.spotify.com/v1/audio-analysis/0JP9xo3adEtGSdUEISiszL,135090,4,84,"['emo rap', 'miami hip hop']"
Look Alive (feat. Drake),0.922,0.581,10,-7.495,1,0.27,0.00104,5.86e-05,0.105,0.595,140.022,audio_features,4qKcDkK6siZ7Jp1Jb4m0aL,spotify:track:4qKcDkK6siZ7Jp1Jb4m0aL,https://api.spotify.com/v1/tracks/4qKcDkK6siZ7Jp1Jb4m0aL,https://api.spotify.com/v1/audio-analysis/4qKcDkK6siZ7Jp1Jb4m0aL,181263,4,77,"['rap', 'southern hip hop', 'trap', 'vapor trap']"
These Days,0.653,0.809,0,-4.057,1,0.0474,0.194,0.0,0.165,0.55,92.213,audio_features,5CLGzJsGqhCEECcpnFQA8x,spotify:track:5CLGzJsGqhCEECcpnFQA8x,https://api.spotify.com/v1/tracks/5CLGzJsGqhCEECcpnFQA8x,https://api.spotify.com/v1/audio-analysis/5CLGzJsGqhCEECcpnFQA8x,210773,4,77,"['dance pop', 'edm', 'liquid funk', 'pop', 'tropical house', 'uk dance', 'uk funky', 'uk pop']"
Te Boté - Remix,0.903,0.675,11,-3.445,0,0.214,0.542,1.28e-05,0.0595,0.442,96.507,audio_features,3V8UKqhEK5zBkBb6d6ub8i,spotify:track:3V8UKqhEK5zBkBb6d6ub8i,https://api.spotify.com/v1/tracks/3V8UKqhEK5zBkBb6d6ub8i,https://api.spotify.com/v1/audio-analysis/3V8UKqhEK5zBkBb6d6ub8i,417920,4,79,"['latin', 'latin hip hop', 'reggaeton', 'reggaeton flow', 'tropical']"
Mine,0.71,0.789,4,-3.874,1,0.0722,0.0161,2.77e-06,0.451,0.717,142.929,audio_features,7uzmGiiJyRfuViKKK3lVmR,spotify:track:7uzmGiiJyRfuViKKK3lVmR,https://api.spotify.com/v1/tracks/7uzmGiiJyRfuViKKK3lVmR,https://api.spotify.com/v1/audio-analysis/7uzmGiiJyRfuViKKK3lVmR,131064,4,79,"['pop', 'post-teen pop']"
Youngblood,0.596,0.854,7,-5.114,0,0.463,0.0169,0.0,0.124,0.152,120.274,audio_features,2iUXsYOEPhVqEBwsqP70rE,spotify:track:2iUXsYOEPhVqEBwsqP70rE,https://api.spotify.com/v1/tracks/2iUXsYOEPhVqEBwsqP70rE,https://api.spotify.com/v1/audio-analysis/2iUXsYOEPhVqEBwsqP70rE,203418,4,82,"['boy band', 'dance pop', 'pop', 'post-teen pop']"
New Rules,0.762,0.7,9,-6.021,0,0.0694,0.00261,1.56e-05,0.153,0.608,116.073,audio_features,2xJCMIJfcNYDc5iR0sAm2O,spotify:track:2xJCMIJfcNYDc5iR0sAm2O,https://api.spotify.com/v1/tracks/2xJCMIJfcNYDc5iR0sAm2O,https://api.spotify.com/v1/audio-analysis/2xJCMIJfcNYDc5iR0sAm2O,209320,4,52,"['dance pop', 'pop', 'post-teen pop', 'uk pop']"
Shape of You,0.825,0.652,1,-3.183,0,0.0802,0.581,0.0,0.0931,0.931,95.977,audio_features,7qiZfU4dY1lWllzX7mPBI3,spotify:track:7qiZfU4dY1lWllzX7mPBI3,https://api.spotify.com/v1/tracks/7qiZfU4dY1lWllzX7mPBI3,https://api.spotify.com/v1/audio-analysis/7qiZfU4dY1lWllzX7mPBI3,233713,4,84,"['pop', 'uk pop']"
Love Lies (with Normani),0.708,0.648,6,-5.626,1,0.0449,0.0956,0.0,0.134,0.338,143.955,audio_features,45Egmo7icyopuzJN0oMEdk,spotify:track:45Egmo7icyopuzJN0oMEdk,https://api.spotify.com/v1/tracks/45Egmo7icyopuzJN0oMEdk,https://api.spotify.com/v1/audio-analysis/45Egmo7icyopuzJN0oMEdk,201707,4,77,"['alternative r&b', 'pop']"
Meant to Be (feat. Florida Georgia Line),0.642,0.772,10,-6.61,1,0.0848,0.0476,0.0,0.0646,0.589,153.995,audio_features,4e4fqjx0Izh4svvTef1z7e,spotify:track:4e4fqjx0Izh4svvTef1z7e,https://api.spotify.com/v1/tracks/4e4fqjx0Izh4svvTef1z7e,https://api.spotify.com/v1/audio-analysis/4e4fqjx0Izh4svvTef1z7e,164205,4,69,"['dance pop', 'pop', 'post-teen pop']"
Jocelyn Flores,0.872,0.391,0,-9.144,0,0.242,0.469,4.13e-06,0.297,0.437,134.021,audio_features,7m9OqQk4RVRkw9JJdeAw96,spotify:track:7m9OqQk4RVRkw9JJdeAw96,https://api.spotify.com/v1/tracks/7m9OqQk4RVRkw9JJdeAw96,https://api.spotify.com/v1/audio-analysis/7m9OqQk4RVRkw9JJdeAw96,119133,4,85,"['emo rap', 'miami hip hop']"
Perfect,0.599,0.448,8,-6.312,1,0.0232,0.163,0.0,0.106,0.168,95.05,audio_features,0tgVpDi06FyKpA1z0VMD4v,spotify:track:0tgVpDi06FyKpA1z0VMD4v,https://api.spotify.com/v1/tracks/0tgVpDi06FyKpA1z0VMD4v,https://api.spotify.com/v1/audio-analysis/0tgVpDi06FyKpA1z0VMD4v,263400,3,85,"['pop', 'uk pop']"
Taste (feat. Offset),0.884,0.559,0,-7.442,1,0.12,0.0236,0.0,0.101,0.342,97.994,audio_features,5IaHrVsrferBYDm0bDyABy,spotify:track:5IaHrVsrferBYDm0bDyABy,https://api.spotify.com/v1/tracks/5IaHrVsrferBYDm0bDyABy,https://api.spotify.com/v1/audio-analysis/5IaHrVsrferBYDm0bDyABy,232959,4,80,"['pop rap', 'rap', 'trap']"
Solo (feat. Demi Lovato),0.737,0.636,11,-4.546,0,0.0437,0.0441,6.66e-05,0.35,0.565,105.005,audio_features,6kPJZM97LwdG9QIsT7khp6,spotify:track:6kPJZM97LwdG9QIsT7khp6,https://api.spotify.com/v1/tracks/6kPJZM97LwdG9QIsT7khp6,https://api.spotify.com/v1/audio-analysis/6kPJZM97LwdG9QIsT7khp6,222653,4,77,"['dance pop', 'edm', 'pop', 'post-teen pop', 'tropical house', 'uk dance', 'uk funky']"
I Fall Apart,0.556,0.538,8,-5.408,0,0.0382,0.0689,0.0,0.196,0.291,143.95,audio_features,75ZvA4QfFiZvzhj2xkaWAh,spotify:track:75ZvA4QfFiZvzhj2xkaWAh,https://api.spotify.com/v1/tracks/75ZvA4QfFiZvzhj2xkaWAh,https://api.spotify.com/v1/audio-analysis/75ZvA4QfFiZvzhj2xkaWAh,223347,4,83,"['dfw rap', 'melodic rap', 'rap']"
Nevermind,0.6,0.688,5,-8.339,0,0.201,0.159,1.29e-05,0.409,0.0793,99.977,audio_features,63SevszngYpZOwf63o61K4,spotify:track:63SevszngYpZOwf63o61K4,https://api.spotify.com/v1/tracks/63SevszngYpZOwf63o61K4,https://api.spotify.com/v1/audio-analysis/63SevszngYpZOwf63o61K4,156600,4,78,['israeli pop']
Échame La Culpa,0.733,0.892,0,-3.641,1,0.0417,0.0376,0.0,0.137,0.675,95.989,audio_features,2hl6q70unbviGo3g1R7uFx,spotify:track:2hl6q70unbviGo3g1R7uFx,https://api.spotify.com/v1/tracks/2hl6q70unbviGo3g1R7uFx,https://api.spotify.com/v1/audio-analysis/2hl6q70unbviGo3g1R7uFx,173720,4,67,"['latin', 'latin pop', 'puerto rican pop', 'tropical']"
Eastside (with Halsey & Khalid),0.56,0.68,6,-7.648,0,0.321,0.555,0.0,0.116,0.319,89.391,audio_features,0d2iYfpKoM0QCKvcLCkBao,spotify:track:0d2iYfpKoM0QCKvcLCkBao,https://api.spotify.com/v1/tracks/0d2iYfpKoM0QCKvcLCkBao,https://api.spotify.com/v1/audio-analysis/0d2iYfpKoM0QCKvcLCkBao,173800,4,82,"['pop', 'pop rap', 'post-teen pop']"
Never Be the Same,0.637,0.713,0,-4.333,1,0.0747,0.181,0.000637,0.137,0.243,129.923,audio_features,4eWQlBRaTjPPUlzacqEeoQ,spotify:track:4eWQlBRaTjPPUlzacqEeoQ,https://api.spotify.com/v1/tracks/4eWQlBRaTjPPUlzacqEeoQ,https://api.spotify.com/v1/audio-analysis/4eWQlBRaTjPPUlzacqEeoQ,226973,4,74,"['dance pop', 'pop', 'post-teen pop']"
Wolves,0.724,0.804,11,-4.614,0,0.0448,0.124,0.0,0.204,0.306,124.987,audio_features,0tBbt8CrmxbjRP0pueQkyU,spotify:track:0tBbt8CrmxbjRP0pueQkyU,https://api.spotify.com/v1/tracks/0tBbt8CrmxbjRP0pueQkyU,https://api.spotify.com/v1/audio-analysis/0tBbt8CrmxbjRP0pueQkyU,197993,4,79,"['dance pop', 'pop', 'post-teen pop']"
changes,0.669,0.308,11,-10.068,1,0.029,0.883,0.0,0.0984,0.52,64.934,audio_features,7AFASza1mXqntmGtbxXprO,spotify:track:7AFASza1mXqntmGtbxXprO,https://api.spotify.com/v1/tracks/7AFASza1mXqntmGtbxXprO,https://api.spotify.com/v1/audio-analysis/7AFASza1mXqntmGtbxXprO,121887,4,83,"['emo rap', 'miami hip hop']"
In My Mind,0.694,0.77,6,-5.335,1,0.149,0.176,1.1e-05,0.118,0.163,125.905,audio_features,0E9ZjEAyAwOXZ7wJC0PD33,spotify:track:0E9ZjEAyAwOXZ7wJC0PD33,https://api.spotify.com/v1/tracks/0E9ZjEAyAwOXZ7wJC0PD33,https://api.spotify.com/v1/audio-analysis/0E9ZjEAyAwOXZ7wJC0PD33,184560,4,82,"['edm', 'tropical house']"
River (feat. Ed Sheeran),0.748,0.749,8,-5.916,0,0.516,0.142,0.0,0.0713,0.659,90.09,audio_features,1cS0TgbR263ey9jn0MwD2s,spotify:track:1cS0TgbR263ey9jn0MwD2s,https://api.spotify.com/v1/tracks/1cS0TgbR263ey9jn0MwD2s,https://api.spotify.com/v1/audio-analysis/1cS0TgbR263ey9jn0MwD2s,221013,4,76,"['detroit hip hop', 'g funk', 'hip hop', 'rap']"
Dura,0.783,0.84,1,-3.416,1,0.051,0.174,0.0,0.412,0.839,95.001,audio_features,6KuqAtoeVzxAYOaMveLNpH,spotify:track:6KuqAtoeVzxAYOaMveLNpH,https://api.spotify.com/v1/tracks/6KuqAtoeVzxAYOaMveLNpH,https://api.spotify.com/v1/audio-analysis/6KuqAtoeVzxAYOaMveLNpH,200480,4,74,"['latin', 'latin hip hop', 'reggaeton', 'tropical']"
SICKO MODE,0.834,0.73,8,-3.714,1,0.222,0.00513,0.0,0.124,0.446,155.008,audio_features,2xLMifQCjDGFmkHkpNLD9h,spotify:track:2xLMifQCjDGFmkHkpNLD9h,https://api.spotify.com/v1/tracks/2xLMifQCjDGFmkHkpNLD9h,https://api.spotify.com/v1/audio-analysis/2xLMifQCjDGFmkHkpNLD9h,312820,4,85,['rap']
Thunder,0.605,0.822,0,-4.833,1,0.0438,0.00671,0.134,0.147,0.288,167.997,audio_features,1zB4vmk8tFRmM9UULNzbLB,spotify:track:1zB4vmk8tFRmM9UULNzbLB,https://api.spotify.com/v1/tracks/1zB4vmk8tFRmM9UULNzbLB,https://api.spotify.com/v1/audio-analysis/1zB4vmk8tFRmM9UULNzbLB,187147,4,84,"['modern rock', 'rock']"
Me Niego (feat. Ozuna & Wisin),0.777,0.779,0,-4.449,0,0.0972,0.0543,0.0,0.636,0.768,94.023,audio_features,6jA8JUuPCGYjFcgw0AoM5T,spotify:track:6jA8JUuPCGYjFcgw0AoM5T,https://api.spotify.com/v1/tracks/6jA8JUuPCGYjFcgw0AoM5T,https://api.spotify.com/v1/audio-analysis/6jA8JUuPCGYjFcgw0AoM5T,221653,4,16,"['latin', 'latin arena pop', 'latin pop', 'mexican pop']"
Jackie Chan,0.747,0.834,3,-2.867,0,0.045,0.374,0.0,0.0586,0.687,128.005,audio_features,4kWO6O1BUXcZmaxitpVUwp,spotify:track:4kWO6O1BUXcZmaxitpVUwp,https://api.spotify.com/v1/tracks/4kWO6O1BUXcZmaxitpVUwp,https://api.spotify.com/v1/audio-analysis/4kWO6O1BUXcZmaxitpVUwp,215760,4,77,"['big room', 'brostep', 'dance pop', 'dutch edm', 'edm', 'electro house', 'house', 'trance', 'tropical house']"
Finesse - Remix; feat. Cardi B,0.704,0.859,5,-4.877,0,0.0996,0.0185,0.0,0.0215,0.926,105.115,audio_features,3Vo4wInECJQuz9BIBMOu8i,spotify:track:3Vo4wInECJQuz9BIBMOu8i,https://api.spotify.com/v1/tracks/3Vo4wInECJQuz9BIBMOu8i,https://api.spotify.com/v1/audio-analysis/3Vo4wInECJQuz9BIBMOu8i,217289,4,75,"['dance pop', 'pop', 'post-teen pop']"
Back To You - From 13 Reasons Why – Season 2 Soundtrack,0.601,0.724,6,-4.856,1,0.0486,0.0945,1.68e-06,0.12,0.508,102.061,audio_features,4hQ6UGyWQIGJmHSo0J88JW,spotify:track:4hQ6UGyWQIGJmHSo0J88JW,https://api.spotify.com/v1/tracks/4hQ6UGyWQIGJmHSo0J88JW,https://api.spotify.com/v1/audio-analysis/4hQ6UGyWQIGJmHSo0J88JW,207905,4,78,"['dance pop', 'pop', 'post-teen pop']"
Let You Down,0.662,0.714,5,-5.68,0,0.121,0.312,0.0,0.179,0.464,147.997,audio_features,52okn5MNA47tk87PeZJLEL,spotify:track:52okn5MNA47tk87PeZJLEL,https://api.spotify.com/v1/tracks/52okn5MNA47tk87PeZJLEL,https://api.spotify.com/v1/audio-analysis/52okn5MNA47tk87PeZJLEL,212120,4,81,"['hip hop', 'pop rap', 'rap']"
Call Out My Name,0.489,0.598,1,-4.929,1,0.036,0.218,0.0,0.35,0.172,134.045,audio_features,1gm616Plq4ScqNi7TVkZ5N,spotify:track:1gm616Plq4ScqNi7TVkZ5N,https://api.spotify.com/v1/tracks/1gm616Plq4ScqNi7TVkZ5N,https://api.spotify.com/v1/audio-analysis/1gm616Plq4ScqNi7TVkZ5N,228373,3,9,"['canadian contemporary r&b', 'canadian pop', 'pop']"
Ric Flair Drip (& Metro Boomin),0.88,0.428,9,-8.28,1,0.206,0.149,5.07e-05,0.114,0.333,100.007,audio_features,7sO5G9EABYOXQKNPNiE9NR,spotify:track:7sO5G9EABYOXQKNPNiE9NR,https://api.spotify.com/v1/tracks/7sO5G9EABYOXQKNPNiE9NR,https://api.spotify.com/v1/audio-analysis/7sO5G9EABYOXQKNPNiE9NR,172800,4,80,"['atl hip hop', 'hip hop', 'pop rap', 'rap', 'southern hip hop', 'trap']"
Happier,0.687,0.792,5,-2.749,1,0.0452,0.191,0.0,0.167,0.671,100.015,audio_features,2dpaYNEQHiRxtZbfNsse99,spotify:track:2dpaYNEQHiRxtZbfNsse99,https://api.spotify.com/v1/tracks/2dpaYNEQHiRxtZbfNsse99,https://api.spotify.com/v1/audio-analysis/2dpaYNEQHiRxtZbfNsse99,214290,4,87,"['brostep', 'pop', 'progressive electro house']"
Too Good At Goodbyes,0.681,0.372,5,-8.237,1,0.0432,0.64,0.0,0.169,0.476,91.873,audio_features,1mXVgsBdtIVeCLJnSnmtdV,spotify:track:1mXVgsBdtIVeCLJnSnmtdV,https://api.spotify.com/v1/tracks/1mXVgsBdtIVeCLJnSnmtdV,https://api.spotify.com/v1/audio-analysis/1mXVgsBdtIVeCLJnSnmtdV,201000,4,81,"['pop', 'post-teen pop', 'uk pop']"
Freaky Friday (feat. Chris Brown),0.755,0.599,8,-5.042,1,0.224,0.147,0.0,0.109,0.755,133.123,audio_features,10Igtw8bSDyyFs7KIsKngZ,spotify:track:10Igtw8bSDyyFs7KIsKngZ,https://api.spotify.com/v1/tracks/10Igtw8bSDyyFs7KIsKngZ,https://api.spotify.com/v1/audio-analysis/10Igtw8bSDyyFs7KIsKngZ,216632,4,75,"['comedy rap', 'pop rap', 'rap']"
Believer,0.776,0.78,10,-4.374,0,0.128,0.0622,0.0,0.081,0.666,124.949,audio_features,0pqnGHJpmpxLKifKRmU6WP,spotify:track:0pqnGHJpmpxLKifKRmU6WP,https://api.spotify.com/v1/tracks/0pqnGHJpmpxLKifKRmU6WP,https://api.spotify.com/v1/audio-analysis/0pqnGHJpmpxLKifKRmU6WP,204347,4,86,"['modern rock', 'rock']"
FEFE (feat. Nicki Minaj & Murda Beatz),0.931,0.387,1,-9.127,1,0.412,0.088,0.0,0.136,0.376,125.978,audio_features,2E124GmJRnBJuXbTb4cPUB,spotify:track:2E124GmJRnBJuXbTb4cPUB,https://api.spotify.com/v1/tracks/2E124GmJRnBJuXbTb4cPUB,https://api.spotify.com/v1/audio-analysis/2E124GmJRnBJuXbTb4cPUB,179405,4,13,"['emo rap', 'rap', 'trap']"
Rise,0.687,0.785,1,-4.65,1,0.0333,0.327,0.0,0.203,0.655,106.046,audio_features,3KLygy1YWhmrQx0GRs7IOx,spotify:track:3KLygy1YWhmrQx0GRs7IOx,https://api.spotify.com/v1/tracks/3KLygy1YWhmrQx0GRs7IOx,https://api.spotify.com/v1/audio-analysis/3KLygy1YWhmrQx0GRs7IOx,194408,4,11,"['dance pop', 'edm', 'pop', 'tropical house', 'uk dance']"
Body (feat. brando),0.752,0.764,1,-4.399,1,0.038,0.0476,9.44e-05,0.0543,0.582,121.958,audio_features,7K7MUBCnzgBAvMVW2RTWNs,spotify:track:7K7MUBCnzgBAvMVW2RTWNs,https://api.spotify.com/v1/tracks/7K7MUBCnzgBAvMVW2RTWNs,https://api.spotify.com/v1/audio-analysis/7K7MUBCnzgBAvMVW2RTWNs,163216,4,60,"['dance pop', 'edm', 'electro house', 'house', 'pop', 'tropical house']"
XO Tour Llif3,0.732,0.75,11,-6.366,0,0.231,0.00264,0.0,0.109,0.401,155.096,audio_features,7GX5flRQZVHRAGd6B4TmDO,spotify:track:7GX5flRQZVHRAGd6B4TmDO,https://api.spotify.com/v1/tracks/7GX5flRQZVHRAGd6B4TmDO,https://api.spotify.com/v1/audio-analysis/7GX5flRQZVHRAGd6B4TmDO,182707,4,84,"['melodic rap', 'philly rap', 'rap']"
Sin Pijama,0.791,0.745,11,-3.695,0,0.0464,0.354,2.93e-05,0.104,0.82,94.014,audio_features,2ijef6ni2amuunRoKTlgww,spotify:track:2ijef6ni2amuunRoKTlgww,https://api.spotify.com/v1/tracks/2ijef6ni2amuunRoKTlgww,https://api.spotify.com/v1/audio-analysis/2ijef6ni2amuunRoKTlgww,188560,4,76,"['latin', 'latin viral pop', 'rap latina', 'reggaeton']"
2002,0.697,0.683,1,-2.881,0,0.117,0.0372,0.0,0.137,0.603,96.133,audio_features,2BgEsaKNfHUdlh97KmvFyo,spotify:track:2BgEsaKNfHUdlh97KmvFyo,https://api.spotify.com/v1/tracks/2BgEsaKNfHUdlh97KmvFyo,https://api.spotify.com/v1/audio-analysis/2BgEsaKNfHUdlh97KmvFyo,186987,4,82,"['dance pop', 'pop', 'post-teen pop', 'tropical house', 'uk pop']"
Nonstop,0.912,0.412,7,-8.074,1,0.124,0.0164,0.013,0.104,0.422,154.983,audio_features,0TlLq3lA83rQOYtrqBqSct,spotify:track:0TlLq3lA83rQOYtrqBqSct,https://api.spotify.com/v1/tracks/0TlLq3lA83rQOYtrqBqSct,https://api.spotify.com/v1/audio-analysis/0TlLq3lA83rQOYtrqBqSct,238614,4,80,"['canadian hip hop', 'canadian pop', 'hip hop', 'pop rap', 'rap', 'toronto rap']"
Fuck Love (feat. Trippie Redd),0.797,0.533,0,-9.74,0,0.0412,0.0172,0.000152,0.103,0.329,131.036,audio_features,7AQim7LbvFVZJE3O8TYgf2,spotify:track:7AQim7LbvFVZJE3O8TYgf2,https://api.spotify.com/v1/tracks/7AQim7LbvFVZJE3O8TYgf2,https://api.spotify.com/v1/audio-analysis/7AQim7LbvFVZJE3O8TYgf2,146520,4,83,"['emo rap', 'miami hip hop']"
In My Blood,0.622,0.712,5,-7.321,1,0.066,0.0573,0.0,0.13,0.487,140.025,audio_features,2QZ7WLBE8h2y1Y5Fb8RYbH,spotify:track:2QZ7WLBE8h2y1Y5Fb8RYbH,https://api.spotify.com/v1/tracks/2QZ7WLBE8h2y1Y5Fb8RYbH,https://api.spotify.com/v1/audio-analysis/2QZ7WLBE8h2y1Y5Fb8RYbH,211360,4,80,"['canadian pop', 'dance pop', 'pop', 'post-teen pop', 'viral pop']"
Silence,0.52,0.761,4,-3.093,1,0.0853,0.256,4.96e-06,0.17,0.286,141.971,audio_features,7vGuf3Y35N4wmASOKLUVVU,spotify:track:7vGuf3Y35N4wmASOKLUVVU,https://api.spotify.com/v1/tracks/7vGuf3Y35N4wmASOKLUVVU,https://api.spotify.com/v1/audio-analysis/7vGuf3Y35N4wmASOKLUVVU,180823,4,79,"['brostep', 'pop', 'progressive electro house']"
God is a woman,0.602,0.658,1,-5.934,1,0.0558,0.0233,6e-05,0.237,0.268,145.031,audio_features,5OCJzvD7sykQEKHH7qAC3C,spotify:track:5OCJzvD7sykQEKHH7qAC3C,https://api.spotify.com/v1/tracks/5OCJzvD7sykQEKHH7qAC3C,https://api.spotify.com/v1/audio-analysis/5OCJzvD7sykQEKHH7qAC3C,197547,4,79,"['dance pop', 'pop', 'post-teen pop']"
Déjala Que Vuelva (feat. Manuel Turizo),0.681,0.788,1,-4.323,1,0.0785,0.0482,0.0,0.0753,0.839,170.019,audio_features,1j6xOGusnyXq3l6IryKF3G,spotify:track:1j6xOGusnyXq3l6IryKF3G,https://api.spotify.com/v1/tracks/1j6xOGusnyXq3l6IryKF3G,https://api.spotify.com/v1/audio-analysis/1j6xOGusnyXq3l6IryKF3G,220117,4,71,"['colombian pop', 'latin', 'latin pop', 'reggaeton']"
Flames,0.631,0.649,5,-5.892,0,0.0385,0.0817,3.8e-06,0.0934,0.421,93.95,audio_features,66BjcDhhwWCcQIBxHMpKXh,spotify:track:66BjcDhhwWCcQIBxHMpKXh,https://api.spotify.com/v1/tracks/66BjcDhhwWCcQIBxHMpKXh,https://api.spotify.com/v1/audio-analysis/66BjcDhhwWCcQIBxHMpKXh,194680,4,64,"['dance pop', 'edm', 'pop', 'tropical house']"
What Lovers Do,0.799,0.597,5,-5.131,0,0.0611,0.0788,5.66e-06,0.1,0.419,110.001,audio_features,0WdGQhoAP2LBsqr5Jhit2g,spotify:track:0WdGQhoAP2LBsqr5Jhit2g,https://api.spotify.com/v1/tracks/0WdGQhoAP2LBsqr5Jhit2g,https://api.spotify.com/v1/audio-analysis/0WdGQhoAP2LBsqr5Jhit2g,199849,4,37,"['pop', 'pop rock']"
"Taki Taki (with Selena Gomez, Ozuna & Cardi B)",0.842,0.801,8,-4.167,0,0.228,0.157,4.82e-06,0.0642,0.617,95.881,audio_features,4w8niZpiMy6qz1mntFA5uM,spotify:track:4w8niZpiMy6qz1mntFA5uM,https://api.spotify.com/v1/tracks/4w8niZpiMy6qz1mntFA5uM,https://api.spotify.com/v1/audio-analysis/4w8niZpiMy6qz1mntFA5uM,212500,4,80,"['dance pop', 'edm', 'electronic trap', 'pop']"
"Let Me Go (with Alesso, Florida Georgia Line & watt)",0.663,0.708,8,-4.154,1,0.0473,0.0337,0.0,0.0841,0.742,103.073,audio_features,5Gu0PDLN4YJeW75PpBSg9p,spotify:track:5Gu0PDLN4YJeW75PpBSg9p,https://api.spotify.com/v1/tracks/5Gu0PDLN4YJeW75PpBSg9p,https://api.spotify.com/v1/audio-analysis/5Gu0PDLN4YJeW75PpBSg9p,174800,4,79,"['dance pop', 'pop', 'post-teen pop']"
Feel It Still,0.801,0.795,1,-5.115,0,0.0504,0.0417,0.000113,0.0717,0.754,79.028,audio_features,6QgjcU0zLnzq5OrUoSZ3OK,spotify:track:6QgjcU0zLnzq5OrUoSZ3OK,https://api.spotify.com/v1/tracks/6QgjcU0zLnzq5OrUoSZ3OK,https://api.spotify.com/v1/audio-analysis/6QgjcU0zLnzq5OrUoSZ3OK,163253,4,79,"['indie pop', 'indie rock', 'indietronica', 'modern alternative rock', 'modern rock', 'rock']"
Pray For Me (with Kendrick Lamar),0.735,0.677,2,-4.979,1,0.093,0.0762,2.17e-05,0.111,0.188,100.584,audio_features,77UjLW8j5UAGAGVGhR5oUK,spotify:track:77UjLW8j5UAGAGVGhR5oUK,https://api.spotify.com/v1/tracks/77UjLW8j5UAGAGVGhR5oUK,https://api.spotify.com/v1/audio-analysis/77UjLW8j5UAGAGVGhR5oUK,211440,4,76,"['canadian contemporary r&b', 'canadian pop', 'pop']"
Walk It Talk It,0.907,0.633,2,-5.145,1,0.184,0.0876,2.6e-06,0.106,0.395,145.914,audio_features,6n4U3TlzUGhdSFbUUhTvLP,spotify:track:6n4U3TlzUGhdSFbUUhTvLP,https://api.spotify.com/v1/tracks/6n4U3TlzUGhdSFbUUhTvLP,https://api.spotify.com/v1/audio-analysis/6n4U3TlzUGhdSFbUUhTvLP,276147,4,77,"['atl hip hop', 'hip hop', 'pop rap', 'rap', 'southern hip hop', 'trap']"
Him & I (with Halsey),0.589,0.731,2,-6.343,1,0.0868,0.0534,0.0,0.308,0.191,87.908,audio_features,5k38wzpLb15YgncyWdTZE4,spotify:track:5k38wzpLb15YgncyWdTZE4,https://api.spotify.com/v1/tracks/5k38wzpLb15YgncyWdTZE4,https://api.spotify.com/v1/audio-analysis/5k38wzpLb15YgncyWdTZE4,268867,4,75,"['hip hop', 'indie pop rap', 'pop rap', 'rap']"
Candy Paint,0.664,0.667,4,-5.941,1,0.154,0.64,1.22e-06,0.0753,0.381,180.064,audio_features,32lItqlMi4LBhb4k0BaSaC,spotify:track:32lItqlMi4LBhb4k0BaSaC,https://api.spotify.com/v1/tracks/32lItqlMi4LBhb4k0BaSaC,https://api.spotify.com/v1/audio-analysis/32lItqlMi4LBhb4k0BaSaC,227533,4,78,"['dfw rap', 'melodic rap', 'rap']"
Congratulations,0.63,0.804,6,-4.183,1,0.0363,0.215,0.0,0.253,0.492,123.146,audio_features,3a1lNhkSLSkpJE4MSHpDu9,spotify:track:3a1lNhkSLSkpJE4MSHpDu9,https://api.spotify.com/v1/tracks/3a1lNhkSLSkpJE4MSHpDu9,https://api.spotify.com/v1/audio-analysis/3a1lNhkSLSkpJE4MSHpDu9,220293,4,82,"['dfw rap', 'melodic rap', 'rap']"
"1, 2, 3 (feat. Jason Derulo & De La Ghetto)",0.792,0.895,1,-3.112,0,0.0589,0.165,0.0,0.0501,0.794,94.968,audio_features,4QtiVmuA88tPQiCOHZuQ5b,spotify:track:4QtiVmuA88tPQiCOHZuQ5b,https://api.spotify.com/v1/tracks/4QtiVmuA88tPQiCOHZuQ5b,https://api.spotify.com/v1/audio-analysis/4QtiVmuA88tPQiCOHZuQ5b,201526,4,73,"['dance pop', 'latin', 'latin pop', 'mexican pop', 'pop']"
Criminal,0.814,0.813,2,-3.023,0,0.0561,0.03,9.33e-05,0.255,0.839,79.997,audio_features,6Za3190Sbw39BBC77WSS1C,spotify:track:6Za3190Sbw39BBC77WSS1C,https://api.spotify.com/v1/tracks/6Za3190Sbw39BBC77WSS1C,https://api.spotify.com/v1/audio-analysis/6Za3190Sbw39BBC77WSS1C,232550,4,76,"['latin', 'latin pop', 'rap latina', 'reggaeton', 'tropical']"
Plug Walk,0.876,0.519,11,-6.531,1,0.143,0.202,0.0,0.108,0.158,94.981,audio_features,1ZAyjvIk9YiD76yYy0TEG6,spotify:track:1ZAyjvIk9YiD76yYy0TEG6,https://api.spotify.com/v1/tracks/1ZAyjvIk9YiD76yYy0TEG6,https://api.spotify.com/v1/audio-analysis/1ZAyjvIk9YiD76yYy0TEG6,175230,4,75,"['atl hip hop', 'hip hop', 'melodic rap', 'pop rap', 'rap', 'southern hip hop', 'trap']"
lovely (with Khalid),0.351,0.296,4,-10.109,0,0.0333,0.934,0.0,0.095,0.12,115.284,audio_features,0u2P5u6lvoDfwTYjAADbn4,spotify:track:0u2P5u6lvoDfwTYjAADbn4,https://api.spotify.com/v1/tracks/0u2P5u6lvoDfwTYjAADbn4,https://api.spotify.com/v1/audio-analysis/0u2P5u6lvoDfwTYjAADbn4,200186,4,89,"['electropop', 'pop']"
Stir Fry,0.817,0.816,2,-5.402,1,0.269,0.00263,0.0,0.159,0.508,181.982,audio_features,2UVbBKQOdFAekPTRsnkzcf,spotify:track:2UVbBKQOdFAekPTRsnkzcf,https://api.spotify.com/v1/tracks/2UVbBKQOdFAekPTRsnkzcf,https://api.spotify.com/v1/audio-analysis/2UVbBKQOdFAekPTRsnkzcf,190288,4,73,"['atl hip hop', 'hip hop', 'pop rap', 'rap', 'southern hip hop', 'trap']"
HUMBLE.,0.908,0.621,1,-6.638,0,0.102,0.000282,5.39e-05,0.0958,0.421,150.011,audio_features,7KXjTSCq5nL1LoYtL7XAwS,spotify:track:7KXjTSCq5nL1LoYtL7XAwS,https://api.spotify.com/v1/tracks/7KXjTSCq5nL1LoYtL7XAwS,https://api.spotify.com/v1/audio-analysis/7KXjTSCq5nL1LoYtL7XAwS,177000,4,82,"['conscious hip hop', 'hip hop', 'rap', 'west coast rap']"
Vaina Loca,0.754,0.805,6,-4.249,1,0.0752,0.315,0.0,0.203,0.555,93.982,audio_features,48zFZh27QU5qsrBjn4C2FA,spotify:track:48zFZh27QU5qsrBjn4C2FA,https://api.spotify.com/v1/tracks/48zFZh27QU5qsrBjn4C2FA,https://api.spotify.com/v1/audio-analysis/48zFZh27QU5qsrBjn4C2FA,176133,4,77,"['latin', 'puerto rican pop', 'reggaeton', 'trap latino']"
Perfect Duet (Ed Sheeran & Beyoncé),0.587,0.299,8,-7.365,1,0.0263,0.779,0.0,0.123,0.356,94.992,audio_features,1bhUWB0zJMIKr9yVPrkEuI,spotify:track:1bhUWB0zJMIKr9yVPrkEuI,https://api.spotify.com/v1/tracks/1bhUWB0zJMIKr9yVPrkEuI,https://api.spotify.com/v1/audio-analysis/1bhUWB0zJMIKr9yVPrkEuI,259550,3,75,"['pop', 'uk pop']"
Corazón (feat. Nego do Borel),0.722,0.738,9,-6.073,0,0.247,0.328,1.47e-05,0.198,0.748,198.075,audio_features,5cepAtqnEQ6yVG6088zMMu,spotify:track:5cepAtqnEQ6yVG6088zMMu,https://api.spotify.com/v1/tracks/5cepAtqnEQ6yVG6088zMMu,https://api.spotify.com/v1/audio-analysis/5cepAtqnEQ6yVG6088zMMu,184720,4,72,"['latin', 'reggaeton']"
Young Dumb & Broke,0.798,0.539,1,-6.351,1,0.0421,0.199,1.66e-05,0.165,0.394,136.949,audio_features,5Z3GHaZ6ec9bsiI5BenrbY,spotify:track:5Z3GHaZ6ec9bsiI5BenrbY,https://api.spotify.com/v1/tracks/5Z3GHaZ6ec9bsiI5BenrbY,https://api.spotify.com/v1/audio-analysis/5Z3GHaZ6ec9bsiI5BenrbY,202547,4,81,"['alternative r&b', 'pop']"
Síguelo Bailando,0.855,0.664,9,-7.11,0,0.0607,0.165,3.97e-05,0.0937,0.626,98.015,audio_features,5Y9fnynLlIvqtM710MHzfz,spotify:track:5Y9fnynLlIvqtM710MHzfz,https://api.spotify.com/v1/tracks/5Y9fnynLlIvqtM710MHzfz,https://api.spotify.com/v1/audio-analysis/5Y9fnynLlIvqtM710MHzfz,226800,4,71,"['latin', 'puerto rican pop', 'reggaeton', 'trap latino']"
Downtown,0.775,0.679,4,-4.985,0,0.135,0.18,7.26e-05,0.068,0.619,166.008,audio_features,3Ga6eKrUFf12ouh9Yw3v2D,spotify:track:3Ga6eKrUFf12ouh9Yw3v2D,https://api.spotify.com/v1/tracks/3Ga6eKrUFf12ouh9Yw3v2D,https://api.spotify.com/v1/audio-analysis/3Ga6eKrUFf12ouh9Yw3v2D,193456,4,73,"['baile pop', 'funk carioca', 'funk das antigas']"
Bella,0.909,0.493,3,-6.688,1,0.0735,0.128,0.000147,0.127,0.844,94.016,audio_features,3xcCix7Jv1Rp90YVmgo35D,spotify:track:3xcCix7Jv1Rp90YVmgo35D,https://api.spotify.com/v1/tracks/3xcCix7Jv1Rp90YVmgo35D,https://api.spotify.com/v1/audio-analysis/3xcCix7Jv1Rp90YVmgo35D,197120,4,69,"['colombian pop', 'latin', 'reggaeton', 'reggaeton flow']"
Promises (with Sam Smith),0.781,0.768,11,-5.991,1,0.0394,0.0119,4.91e-06,0.325,0.486,123.07,audio_features,5N5k9nd479b1xpDZ4usjrg,spotify:track:5N5k9nd479b1xpDZ4usjrg,https://api.spotify.com/v1/tracks/5N5k9nd479b1xpDZ4usjrg,https://api.spotify.com/v1/audio-analysis/5N5k9nd479b1xpDZ4usjrg,213309,4,82,"['dance pop', 'edm', 'electro house', 'house', 'pop', 'progressive house', 'tropical house', 'uk dance']"
Yes Indeed,0.964,0.346,5,-9.309,0,0.53,0.035,0.0,0.108,0.562,119.958,audio_features,6vN77lE9LK6HP2DewaN6HZ,spotify:track:6vN77lE9LK6HP2DewaN6HZ,https://api.spotify.com/v1/tracks/6vN77lE9LK6HP2DewaN6HZ,https://api.spotify.com/v1/audio-analysis/6vN77lE9LK6HP2DewaN6HZ,142273,4,80,"['atl hip hop', 'atl trap', 'rap']"
I Like Me Better,0.752,0.505,9,-7.621,1,0.253,0.535,2.55e-06,0.104,0.419,91.97,audio_features,2P91MQbaiQOfbiz9VqhqKQ,spotify:track:2P91MQbaiQOfbiz9VqhqKQ,https://api.spotify.com/v1/tracks/2P91MQbaiQOfbiz9VqhqKQ,https://api.spotify.com/v1/audio-analysis/2P91MQbaiQOfbiz9VqhqKQ,197437,4,80,"['pop', 'post-teen pop']"
This Is Me,0.284,0.704,2,-7.276,1,0.186,0.00583,0.000115,0.0424,0.1,191.702,audio_features,2xGjteMU3E1tkEPVFBO08U,spotify:track:2xGjteMU3E1tkEPVFBO08U,https://api.spotify.com/v1/tracks/2xGjteMU3E1tkEPVFBO08U,https://api.spotify.com/v1/audio-analysis/2xGjteMU3E1tkEPVFBO08U,234707,4,66,"['broadway', 'hollywood', 'show tunes']"
Everybody Dies In Their Nightmares,0.734,0.57,7,-7.066,0,0.133,0.847,2.14e-05,0.112,0.689,129.953,audio_features,3GVkPk8mqxz0itaAriG1L7,spotify:track:3GVkPk8mqxz0itaAriG1L7,https://api.spotify.com/v1/tracks/3GVkPk8mqxz0itaAriG1L7,https://api.spotify.com/v1/audio-analysis/3GVkPk8mqxz0itaAriG1L7,95467,4,82,"['emo rap', 'miami hip hop']"
Rewrite The Stars,0.684,0.619,10,-7.005,1,0.0386,0.0716,0.0,0.122,0.284,125.046,audio_features,630sXRhIcfwr2e4RdNtjKN,spotify:track:630sXRhIcfwr2e4RdNtjKN,https://api.spotify.com/v1/tracks/630sXRhIcfwr2e4RdNtjKN,https://api.spotify.com/v1/audio-analysis/630sXRhIcfwr2e4RdNtjKN,217440,4,73,"['hollywood', 'post-teen pop', 'show tunes']"
I Miss You (feat. Julia Michaels),0.638,0.658,3,-6.318,1,0.0456,0.245,3.77e-06,0.0919,0.33,105.076,audio_features,2xmrfQpmS2iJExTlklLoAL,spotify:track:2xmrfQpmS2iJExTlklLoAL,https://api.spotify.com/v1/tracks/2xmrfQpmS2iJExTlklLoAL,https://api.spotify.com/v1/audio-analysis/2xmrfQpmS2iJExTlklLoAL,205748,4,21,"['dance pop', 'edm', 'pop', 'post-teen pop', 'tropical house', 'uk dance', 'uk funky']"
No Brainer,0.552,0.76,0,-4.706,1,0.342,0.0733,0.0,0.0865,0.639,135.702,audio_features,5WvAo7DNuPRmk4APhdPzi8,spotify:track:5WvAo7DNuPRmk4APhdPzi8,https://api.spotify.com/v1/tracks/5WvAo7DNuPRmk4APhdPzi8,https://api.spotify.com/v1/audio-analysis/5WvAo7DNuPRmk4APhdPzi8,260000,5,75,"['dance pop', 'dirty south rap', 'hip hop', 'miami hip hop', 'pop', 'pop rap', 'rap', 'southern hip hop', 'trap', 'urban contemporary']"
Dusk Till Dawn - Radio Edit,0.258,0.437,11,-6.593,0,0.039,0.101,1.27e-06,0.106,0.0967,180.043,audio_features,1j4kHkkpqZRBwE0A4CN4Yv,spotify:track:1j4kHkkpqZRBwE0A4CN4Yv,https://api.spotify.com/v1/tracks/1j4kHkkpqZRBwE0A4CN4Yv,https://api.spotify.com/v1/audio-analysis/1j4kHkkpqZRBwE0A4CN4Yv,239000,4,80,"['dance pop', 'electropop', 'pop', 'post-teen pop', 'uk pop']"
Be Alright,0.553,0.586,11,-6.319,1,0.0362,0.697,0.0,0.0813,0.443,126.684,audio_features,3EPXxR3ImUwfayaurPi3cm,spotify:track:3EPXxR3ImUwfayaurPi3cm,https://api.spotify.com/v1/tracks/3EPXxR3ImUwfayaurPi3cm,https://api.spotify.com/v1/audio-analysis/3EPXxR3ImUwfayaurPi3cm,196373,4,81,"['australian pop', 'pop']"
